type,description,accepted_aliases,validation_checks,redcap_sources
number,"A numeric value with optional decimal places. (e.g., 3.14)",num|float|decimal|numeric,"In a csv data dictionary the value is trimmed, lowercased, and has '_' and spaces replaced by '-', and must then be one of: 'number', 'num', 'float', 'decimal', 'numeric'. A blank type is also allowed. Nothing checks that `format` or `constraints` suit the type, and data values are not checked against it.",text[number] (min/max from Text Validation Min/Max)|text[number_1dp] (min/max from Text Validation Min/Max)|text[number_2dp] (min/max from Text Validation Min/Max)|text[number_3dp] (min/max from Text Validation Min/Max)|text[number_4dp] (min/max from Text Validation Min/Max)|text[number_comma_decimal] (min/max from Text Validation Min/Max)|text[number_1dp_comma_decimal] (min/max from Text Validation Min/Max)|text[number_2dp_comma_decimal] (min/max from Text Validation Min/Max)|text[number_3dp_comma_decimal] (min/max from Text Validation Min/Max)|text[number_4dp_comma_decimal] (min/max from Text Validation Min/Max)|slider[number] (min/max from Text Validation Min/Max)|calc
integer,"A whole number without decimal places. (e.g., 42)",int,"In a csv data dictionary the value is trimmed, lowercased, and has '_' and spaces replaced by '-', and must then be one of: 'integer', 'int'. A blank type is also allowed. Nothing checks that `format` or `constraints` suit the type, and data values are not checked against it.",text[integer] (min/max from Text Validation Min/Max)|dropdown (numeric codes) (enum from Choices)|radio (numeric codes) (enum from Choices)|slider[integer] (min/max from Text Validation Min/Max)
string,"A sequence of characters. (e.g., ""test"")",str|character|char|text|varchar|alphanumeric|alphanum,"In a csv data dictionary the value is trimmed, lowercased, and has '_' and spaces replaced by '-', and must then be one of: 'string', 'str', 'character', 'char', 'text', 'varchar', 'alphanumeric', 'alphanum'. A blank type is also allowed. Nothing checks that `format` or `constraints` suit the type, and data values are not checked against it.",text|text[alpha_only] (pattern=^[a-zA-Z]+$)|text[email] (format=email)|text[phone] (pattern=^[0-9]{3}-[0-9]{3}-[0-9]{4}$)|text[phone_australia]|text[postalcode_australia] (pattern=^[0-9]{4}$)|text[postalcode_canada] (pattern=^[A-Z][0-9][A-Z] [0-9][A-Z][0-9]$)|text[postalcode_french]|text[postalcode_germany]|text[ssn] (pattern=^[0-9]{3}-[0-9]{2}-[0-9]{4}$)|text[vmrn] (pattern=^[0-9]{10}$)|text[zipcode] (pattern=^[0-9]{5}$)|notes|dropdown (non-numeric codes) (enum from Choices)|radio (non-numeric codes) (enum from Choices)|file
any,"Any type of data is allowed. (e.g., true)",,"In a csv data dictionary the value is trimmed, lowercased, and has '_' and spaces replaced by '-', and must then be one of: 'any'. A blank type is also allowed. Nothing checks that `format` or `constraints` suit the type, and data values are not checked against it.",
boolean,"A binary value representing true or false. (e.g., true)",bool,"In a csv data dictionary the value is trimmed, lowercased, and has '_' and spaces replaced by '-', and must then be one of: 'boolean', 'bool'. A blank type is also allowed. Nothing checks that `format` or `constraints` suit the type, and data values are not checked against it.",checkbox (one field per choice) (enum=0/1)|yesno (enum=0/1)|truefalse (enum=0/1)
date,"A specific calendar date. (e.g., ""2023-05-25"")",,"In a csv data dictionary the value is trimmed, lowercased, and has '_' and spaces replaced by '-', and must then be one of: 'date'. A blank type is also allowed. Nothing checks that `format` or `constraints` suit the type, and data values are not checked against it.",text[date_dmy] (format=any)|text[date_mdy] (format=any)|text[date_ymd] (format=any)
datetime,"A specific date and time, including timezone information. (e.g., ""2023-05-25T10:30:00Z"")",,"In a csv data dictionary the value is trimmed, lowercased, and has '_' and spaces replaced by '-', and must then be one of: 'datetime'. A blank type is also allowed. Nothing checks that `format` or `constraints` suit the type, and data values are not checked against it.",text[datetime_dmy] (format=any)|text[datetime_mdy] (format=any)|text[datetime_ymd] (format=any)|text[datetime_seconds_dmy] (format=any)|text[datetime_seconds_mdy] (format=any)|text[datetime_seconds_ymd] (format=any)
time,"A specific time of day. (e.g., ""10:30:00"")",,"In a csv data dictionary the value is trimmed, lowercased, and has '_' and spaces replaced by '-', and must then be one of: 'time'. A blank type is also allowed. Nothing checks that `format` or `constraints` suit the type, and data values are not checked against it.",text[time] (format=any)|text[time_hh_mm_ss] (format=any)|text[time_mm_ss] (format=any)
year,"A specific year. (e.g., 2023)",,"In a csv data dictionary the value is trimmed, lowercased, and has '_' and spaces replaced by '-', and must then be one of: 'year'. A blank type is also allowed. Nothing checks that `format` or `constraints` suit the type, and data values are not checked against it.",
yearmonth,"A specific year and month. (e.g., ""2023-05"")",,"In a csv data dictionary the value is trimmed, lowercased, and has '_' and spaces replaced by '-', and must then be one of: 'yearmonth'. A blank type is also allowed. Nothing checks that `format` or `constraints` suit the type, and data values are not checked against it.",
duration,"A length of time. (e.g., ""PT1H"")",,"In a csv data dictionary the value is trimmed, lowercased, and has '_' and spaces replaced by '-', and must then be one of: 'duration'. A blank type is also allowed. Nothing checks that `format` or `constraints` suit the type, and data values are not checked against it.",
geopoint,"A pair of latitude and longitude coordinates. (e.g., [51.5074, -0.1278])",,"In a csv data dictionary the value is trimmed, lowercased, and has '_' and spaces replaced by '-', and must then be one of: 'geopoint'. A blank type is also allowed. Nothing checks that `format` or `constraints` suit the type, and data values are not checked against it.",
